"﻿序号","ID","等级","题型","难度","来源","题干","核心词数","语法点数"
"1","tr-001","CET4","单句","基础","四级翻译·文化类","剪纸是中国最受欢迎的传统民间艺术之一。","3","2"
"2","tr-002","CET4","单句","基础","四级翻译·社会类","随着经济的发展，中国人的生活方式发生了巨大的变化。","3","3"
"3","tr-003","CET4","单句","基础","四级翻译·科技类","如今，越来越多的年轻人喜欢在网上购物而不是去实体店。","3","2"
"4","tr-004","CET4","单句","进阶","四级翻译·教育类","许多家长认为，孩子应该从小就学会独立解决问题。","3","3"
"5","tr-005","CET4","单句","进阶","四级翻译·环境类","只有大家都行动起来，我们才能有效减少空气污染。","3","2"
"6","tr-006","CET4","单句","进阶","四级翻译·经济类","据报道，今年上半年该市的出口增长了百分之十五。","3","2"
"7","tr-007","CET4","单句","进阶","四级翻译·交通类","中国拥有世界上最长的高速铁路网，总里程超过四万公里。","3","2"
"8","tr-008","CET4","单句","挑战","四级翻译·文化类","直到亲眼看到长城，我才真正理解了它的雄伟壮观。","3","2"
"9","tr-009","CET4","段落","进阶","四级翻译·2021年6月真题话题","铁观音（Tieguanyin）是中国最著名的茶之一，原产于福建省安溪县。铁观音茶汤金黄，香气持久，滋味甘醇。长期饮用有助于提神醒脑、消食去腻。近年来，随着人们对健康的重视，铁观音越来越受到国内外消费者的喜爱。","6","3"
"10","tr-010","CET4","段落","进阶","四级翻译·2022年6月真题话题","筷子是中国人日常用餐的主要工具，已有三千多年的历史。中国人认为，筷子成双成对，象征着和谐与团圆。使用筷子时有一些禁忌需要注意，例如不能把筷子插在饭碗里，也不能用筷子敲打碗碟。如今，筷子不仅是一种餐具，更成为中华饮食文化的象征。","5","3"
"11","tr-011","CET4","段落","挑战","四级翻译·2020年9月真题话题","茅台（Maotai）是中国最著名的白酒之一，产于贵州省茅台镇。茅台酒以当地优质高粱和小麦为原料，采用独特的酿造工艺，历经多年发酵而成。其酒体醇厚，回味悠长。茅台不仅在国内享有盛誉，还远销世界各地，被视为中国白酒的代表。","6","3"
"12","tr-012","CET4","段落","挑战","四级翻译·2023年3月真题话题","近年来，中国的乡村旅游发展迅速。越来越多的城市居民选择在周末或节假日到乡村去，体验田园生活、品尝农家菜、欣赏自然风光。乡村旅游不仅带动了当地经济的发展，增加了农民收入，也让更多人了解了传统农耕文化。","5","3"
"13","tr-013","CET6","单句","基础","六级翻译·历史类","丝绸之路不仅是古代重要的贸易通道，也是东西方文化交流的桥梁。","3","2"
"14","tr-014","CET6","单句","进阶","六级翻译·社会类","鉴于人口老龄化日益严重，政府已采取一系列措施完善养老服务体系。","4","2"
"15","tr-015","CET6","单句","进阶","六级翻译·科技类","人工智能的广泛应用，使得许多传统行业发生了深刻变革。","3","2"
"16","tr-016","CET6","单句","挑战","六级翻译·教育类","正是由于教育的普及，中国才得以在短短几十年内实现如此巨大的经济腾飞。","4","3"
"17","tr-017","CET6","段落","进阶","六级翻译·2021年12月真题话题","延安位于陕西省北部，是中国革命的圣地。抗日战争和解放战争时期，延安曾是中共中央所在地。这里至今保留着大量革命旧址，每年吸引数百万游客前来参观。如今，延安在发展红色旅游的同时，也大力推进生态建设，昔日的黄土高坡已披上绿装。","5","3"
"18","tr-018","CET6","段落","进阶","六级翻译·2022年9月真题话题","太极拳（Tai Chi）是中国传统武术的一种，兼具健身与防身功能。它动作柔和缓慢，讲究以柔克刚，强调身心合一。练习太极拳不受场地和器材限制，也不分年龄性别，因此深受人们喜爱。如今，太极拳已传播到世界各地，成为中华文化的一张名片。","5","3"
"19","tr-019","CET6","段落","挑战","六级翻译·2020年12月真题话题","北京故宫，旧称紫禁城，是明清两代的皇家宫殿，也是世界上现存规模最大、保存最为完整的木质结构古建筑群。故宫始建于1406年，历时十四年建成，共有宫殿七十多座，房屋九千余间。1987年，故宫被联合国教科文组织列入《世界遗产名录》。","5","3"
"20","tr-020","CET6","段落","挑战","六级翻译·2023年6月真题话题","中国的高铁网络在过去十余年间迅速扩张，运营里程已居世界第一。高铁不仅大大缩短了城市之间的时空距离，也深刻改变了人们的出行方式与生活方式。与此同时，中国高铁凭借先进的技术、可靠的品质和合理的价格，已成为一张亮丽的“国家名片”，并加速走向世界。","5","3"
"21","tr-021","CET6","段落","挑战","六级翻译·2022年12月真题话题","敦煌莫高窟位于甘肃省敦煌市，是世界上现存规模最大、内容最丰富的佛教艺术圣地。莫高窟始建于公元366年，现存洞窟735个，壁画约4.5万平方米，彩塑两千余身。莫高窟不仅是中西文化交流的结晶，也是研究中国古代政治、经济、文化和宗教的珍贵资料。","5","3"
"22","tr-022","CET6","段落","挑战","六级翻译·2021年6月真题话题","海南岛是中国第二大岛，地处热带，气候温暖湿润，素有“天然大温室”之称。岛上植被茂盛，物产丰富，盛产椰子、芒果、橡胶等热带作物。近年来，海南大力推进自由贸易港建设，旅游业和现代服务业发展势头强劲，正逐步成为具有国际影响力的开放之地。","5","3"
"23","tr-023","CET6","段落","挑战","六级翻译·2023年12月真题话题","中国传统绘画，简称“国画”，是用毛笔、墨、颜料在宣纸或绢上作画的艺术。与西方绘画注重写实不同，国画更强调“神似”而非“形似”，追求意境的表达。画家常通过留白来营造想象空间，使观者体会到画外之意。经过数千年的发展，国画已成为东方艺术的代表。","5","3"
"24","tr-024","CET6","段落","挑战","六级翻译·2020年7月真题话题","《红楼梦》是中国古典文学的巅峰之作，由曹雪芹创作于18世纪中叶。全书以贾、史、王、薛四大家族的兴衰为背景，以贾宝玉和林黛玉的爱情悲剧为主线，描绘了一幅封建社会的全景图。作品塑造了数百个栩栩如生的人物形象，被誉为中国封建社会的百科全书。","5","3"
"25","tr-025","CET4","段落","进阶","四级翻译真题·2019年6月（剪纸）","剪纸是中国最古老、最流行的民间艺术之一，已有两千多年的历史。剪纸通常用于装饰门窗，表达人们对美好生活的向往。红色的剪纸在中国尤其常见，因为红色在中国文化中象征着吉祥和幸福。每逢春节或婚礼，人们都会贴上精美的剪纸，为节日增添喜庆的气氛。","5","3"
"26","tr-026","CET4","段落","进阶","四级翻译真题·2019年6月（灯笼）","灯笼起源于两千多年前的西汉时期，最初用于照明。后来，灯笼逐渐成为节日装饰品，尤其在中国春节期间随处可见。传统灯笼多为红色，呈椭圆形，上面常写有“福”字或绘有吉祥图案。如今，灯笼不仅在中国流行，也受到了世界各地人们的喜爱。","5","3"
"27","tr-027","CET4","段落","挑战","四级翻译真题·2019年6月（舞狮）","舞狮是中国传统的民间表演艺术，通常在春节和其他喜庆场合演出。表演时需要两个人合作，一人舞头，一人舞尾。伴随着锣鼓的节奏，狮子做出各种灵巧的动作，如翻滚、跳跃和登高。人们相信舞狮能够驱邪避灾，为新的一年带来好运和平安。","5","3"
"28","tr-028","CET4","段落","进阶","四级翻译真题·2023年3月（筷子）","筷子是中国人最主要的进食工具，已有三千多年的历史。中国人使用筷子已有数千年，筷子的标准长度约为二十五厘米。使用筷子时，一根固定不动，另一根活动，通过两根的配合夹起食物。如今，筷子不仅是一种餐具，还被视为中国文化的象征，常被作为礼物赠送给外国朋友。","5","3"
"29","tr-029","CET4","段落","进阶","四级翻译真题·2013年12月（中国结）","中国结是一种古老而独特的手工编织工艺品，出现于唐宋时期，明清时期开始流行。中国结由一根红绳编成，造型对称而优美。不同的造型代表不同的含义，如双钱结象征财富，盘长结象征长寿。如今，中国结常用于装饰居室和汽车，也是赠送亲友的佳品。","5","3"
"30","tr-030","CET4","段落","进阶","四级翻译真题·2013年12月（中餐）","中国饮食文化源远流长，中餐以其色、香、味俱全而闻名于世。中国地域辽阔，各地气候和物产差异很大，因而形成了八大菜系。总体而言，南方菜偏清淡、注重原味，北方菜偏咸、分量较大。如今，中餐馆遍布世界各地，深受各国人民的喜爱。","5","3"
"31","tr-031","CET4","段落","挑战","四级翻译真题·2021年6月（中国茶）","中国是茶的故乡，中国人饮茶的历史可以追溯到四千多年前。茶叶分为绿茶、红茶、乌龙茶和白茶等多个种类，其中龙井茶最为著名。喝茶不仅能解渴，还有助于提神醒脑、消除疲劳。在中国，以茶待客是传统礼仪，客人到来时，主人通常会奉上一杯热茶。","5","3"
"32","tr-032","CET4","段落","挑战","四级翻译真题·2022年6月（苏州园林）","苏州园林是中国古典园林的代表，以其精致的布局和典雅的景致闻名。园林虽小，却巧妙地运用了山、水、花木和建筑，营造出“人在画中游”的意境。苏州园林多建于明清时期，最初是文人墨客的私家住宅。1997年，苏州的几座古典园林被联合国教科文组织列入世界遗产名录。","5","3"
"33","tr-033","CET4","段落","进阶","四级翻译真题·2022年12月（中国高铁）","中国拥有世界上最大的高速铁路网络，总里程超过四万公里。高铁不仅速度快，而且安全舒适、准点率高，已经成为许多人出行的首选。乘坐高铁，人们可以在几个小时内穿梭于城市之间，极大地节省了旅行时间。高铁的快速发展不仅改变了人们的出行方式，也促进了沿线城市的经济发展。","5","3"
"34","tr-034","CET4","段落","进阶","四级翻译真题·2023年6月（共享单车）","共享单车近年来在中国城市迅速普及，为解决“最后一公里”的出行问题提供了便利。用户只需用手机扫描车上的二维码，就可以随时取车和还车。共享单车价格低廉，还能减少交通拥堵和尾气排放。然而，乱停乱放和车辆损坏等问题也随之出现，需要政府和企业共同解决。","5","3"
"35","tr-035","CET4","段落","进阶","四级翻译真题·2018年12月（移动支付）","移动支付在中国已经十分普及，人们出门几乎不用带现金。无论是在超市购物、在餐厅用餐，还是乘坐公共交通，只需用手机扫一扫就能完成付款。移动支付不仅方便快捷，还降低了现金丢失和被盗的风险。与此同时，也有人担心个人信息的安全问题。","5","3"
"36","tr-036","CET4","段落","挑战","四级翻译真题·2015年6月（快递业）","近年来，中国快递业发展迅猛，年业务量已位居世界第一。电子商务的兴起是快递业快速增长的主要原因，越来越多的消费者选择在网上购物。为了提升效率，快递公司不断增加人力和车辆投入，并开始使用无人机和智能快递柜。快递业的发展不仅创造了大量就业机会，也给人们的日常生活带来了极大便利。","5","3"
"37","tr-037","CET4","段落","挑战","四级翻译真题·2023年6月（新能源汽车）","为应对气候变化和减少空气污染，中国政府大力推广新能源汽车。过去几年，新能源汽车的产销量持续增长，充电设施也日益完善。与传统汽车相比，新能源汽车不仅能降低油耗，还能减少温室气体排放。专家预测，未来新能源汽车将逐步取代传统燃油汽车，成为市场的主流。","5","3"
"38","tr-038","CET4","段落","进阶","四级翻译真题·2016年6月（深圳）","深圳位于中国南部，原本是一个小渔村。1980年，深圳成为中国首批经济特区之一。此后，深圳以惊人的速度发展，短短几十年间就崛起为一座现代化大都市。如今，深圳被誉为中国的“硅谷”，聚集了大量高科技企业和创新人才，是中国最具活力的城市之一。","5","3"
"39","tr-039","CET4","单句","基础","四级翻译·基础句型（被动语态）","这座桥是三年前建成的，现在每天有上万辆汽车通过。","3","3"
"40","tr-040","CET4","单句","基础","四级翻译·基础句型（定语从句）","昨天来参观的那位教授，就是写这本书的人。","3","3"
"41","tr-041","CET4","单句","进阶","四级翻译·基础句型（比较级）","这座城市的公共交通比十年前便利得多，但房价也高了不少。","4","3"
"42","tr-042","CET4","单句","进阶","四级翻译·基础句型（非谓语动词）","为了提高学生的口语能力，学校决定每周开设一次英语角。","4","3"
"43","tr-043","CET4","段落","进阶","四级翻译真题·2020年12月（春节团圆饭）","春节是中国最重要的传统节日，团圆饭则是春节期间最重要的活动。除夕之夜，全家人无论身在何处，都会尽力赶回家中，围坐在一起吃一顿丰盛的年夜饭。餐桌上通常有鱼，因为“鱼”与“余”谐音，寓意年年有余。饭后，长辈会给晚辈发红包，祝福他们在新的一年健康平安。","5","3"
"44","tr-044","CET4","段落","进阶","四级翻译真题·长城","长城是中国古代最伟大的防御工程，始建于两千多年前的春秋战国时期。秦始皇统一中国后，将各段城墙连接起来，形成了万里长城。长城全长约两万一千公里，横跨中国北方的山川和沙漠。1987年，长城被列入世界文化遗产名录，每年吸引着数以千万计的中外游客。","5","3"
"45","tr-045","CET4","段落","挑战","四级翻译真题·故宫","故宫位于北京市中心，是明清两代的皇宫，已有六百多年的历史。故宫占地约七十二万平方米，有大小宫殿七十多座、房屋九千余间，是世界上现存规模最大、保存最完整的木质结构古建筑群。1925年，故宫被改为博物院，向公众开放。今天，故宫博物院收藏着一百八十多万件珍贵文物。","5","3"
"46","tr-046","CET4","段落","进阶","四级翻译真题·2019年12月（中国姓氏）","中国人的姓氏历史悠久，最早可以追溯到母系氏族社会。中国人的姓氏有一万多个，其中最常用的只有一百多个，“张”“王”“李”“赵”是最常见的几个姓氏。在中国，子女通常随父姓，子女的名字往往寄托着父母的期望。了解一个人的姓氏，有助于了解其家族的历史和文化。","5","3"
"47","tr-047","CET4","段落","挑战","四级翻译真题·2019年12月（中国家庭观念）","家庭在中国人的生活中占据着极其重要的地位。传统上，几代人同住一个屋檐下是司空见惯的，祖父母帮忙照看孙辈，子女则负责赡养老人。随着城市化的推进和生活节奏的加快，越来越多的年轻人选择与父母分开居住。尽管如此，尊老爱幼仍然是中华民族的传统美德，家庭成员之间的联系依然十分紧密。","5","3"
"48","tr-048","CET4","段落","挑战","四级翻译真题·2017年6月（长江）","长江是亚洲最长的河流，全长约六千三百公里，在中国被称为“母亲河”。长江发源于青藏高原，流经十一个省、自治区和直辖市，最后注入东海。长江流域是中国重要的农业区和工业基地，养育了沿岸数以亿计的人口。近年来，中国政府加大了对长江生态环境的保护力度。","5","3"
"49","tr-049","CET4","单句","挑战","四级翻译·难点句型（强调句）","正是因为多年来坚持不懈的努力，他才取得了今天的成就。","4","3"
"50","tr-050","CET4","单句","挑战","四级翻译·难点句型（倒装）","他不仅精通英语，而且对法国文学也有很深的了解。","3","3"
"51","tr-051","CET4","单句","挑战","四级翻译·难点句型（虚拟语气）","如果当时听了老师的建议，他就不会犯这么严重的错误了。","3","3"
"52","tr-052","CET4","单句","进阶","四级翻译·难点句型（形式主语）","年轻人掌握一门外语是很有必要的，因为这不仅有助于就业，还能开阔视野。","3","3"
"53","tr-053","CET6","段落","挑战","六级翻译真题·丝绸之路","丝绸之路是古代连接中国与西方的重要贸易通道，开通于两千多年前的汉代。这条路东起长安，西至地中海沿岸，全长七千多公里。通过丝绸之路，中国的丝绸、瓷器和造纸术传入西方，而葡萄、核桃等作物以及佛教文化也传入中国。丝绸之路不仅是商贸之路，更是东西方文化交流的桥梁。2014年，丝绸之路被列入世界遗产名录。","5","3"
"54","tr-054","CET6","段落","挑战","六级翻译真题·一带一路","2013年，中国提出了共建“一带一路”的倡议，旨在促进沿线国家的基础设施建设与经贸合作。该倡议继承了古代丝绸之路的精神，强调互利共赢、共同发展。十多年来，已有150多个国家与中国签署了合作文件，一批铁路、港口和工业园区相继建成。“一带一路”为参与国创造了大量就业机会，也推动了全球经济的增长。","5","3"
"55","tr-055","CET6","段落","挑战","六级翻译真题·中国城市化","改革开放以来，中国经历了世界上规模最大、速度最快的城市化进程。城市人口比例已从1978年的不足18%上升到今天的66%以上。城市化推动了经济增长，提高了居民收入，也带动了教育、医疗等公共服务的发展。与此同时，交通拥堵、住房紧张和环境污染等“城市病”也日益突出。如何在发展与宜居之间取得平衡，是中国城市面临的重要课题。","5","3"
"56","tr-056","CET6","段落","挑战","六级翻译真题·中国航天","中国航天事业起步于1956年，经过几代人的不懈努力，已取得举世瞩目的成就。2003年，中国成为世界上第三个独立将人送入太空的国家。近年来，中国先后完成了月球采样返回、空间站建设和火星探测等重大任务。2020年，北斗三号全球卫星导航系统正式开通，为全球用户提供高精度定位服务。中国始终坚持和平利用太空的原则。","5","3"
"57","tr-057","CET6","段落","挑战","六级翻译真题·数字经济","近年来，中国数字经济规模持续扩大，已成为推动经济增长的重要引擎。大数据、云计算、人工智能等新一代信息技术被广泛应用于制造、医疗、金融和物流等领域。数字经济不仅催生了电子商务、在线教育等新业态，还大幅提升了传统产业的生产效率。专家指出，随着5G网络的普及，数字经济将在未来发挥更加重要的作用。","5","3"
"58","tr-058","CET6","段落","挑战","六级翻译真题·汉字","汉字是世界上最古老的文字之一，也是唯一沿用至今的表意文字。传说汉字由仓颉所创，现存最早的成熟汉字是三千多年前的甲骨文。汉字不仅是记录汉语的书写符号，也是中华文明的重要载体。汉字书法更是一门独特的艺术，被誉为“无言的诗、无行的舞”。如今，随着中国国际影响力的提升，全球学习汉字的人数不断增加。","5","3"
"59","tr-059","CET6","段落","挑战","六级翻译真题·四大发明","造纸术、印刷术、火药和指南针是中国古代的四大发明，对世界文明的发展产生了深远影响。造纸术和印刷术大大降低了书籍的成本，使知识得以广泛传播；火药改变了战争的方式；指南针则为远洋航行提供了可能。英国哲学家培根曾指出，这三项发明改变了整个世界的面貌。四大发明是中华民族对世界文明作出的卓越贡献。","5","3"
"60","tr-060","CET6","段落","挑战","六级翻译真题·唐诗","唐诗是中国文学史上最辉煌的篇章之一，代表了中国古代诗歌的最高成就。唐代三百年间，涌现出李白、杜甫、白居易等一大批杰出诗人，流传至今的诗作近五万首。唐诗题材广泛，风格各异：李白的诗想象奇特、气势磅礴，杜甫的诗沉郁顿挫、忧国忧民。唐诗不仅在中国家喻户晓，也深刻影响了日本、韩国等周边国家的文学。","5","3"
"61","tr-061","CET6","段落","挑战","六级翻译真题·2019年12月（高等教育）","过去几十年，中国高等教育实现了从精英教育到大众化的历史性跨越。高校数量和在校生规模持续增长，高等教育毛入学率已超过60%。与此同时，国家加大了对中西部地区高校的扶持力度，努力缩小区域间的教育差距。越来越多的中国高校进入世界一流大学行列，科研水平和国际影响力显著提升。","5","3"
"62","tr-062","CET6","段落","挑战","六级翻译真题·人口老龄化","中国正快速步入老龄化社会，60岁及以上人口已超过2.9亿。老龄化一方面得益于医疗条件改善和人均寿命延长，另一方面也与长期较低的生育率有关。为应对这一挑战，政府正在完善养老保险和医疗服务体系，并鼓励发展社区养老和居家养老。如何让老年人安享晚年，已成为全社会共同关注的话题。","5","3"
"63","tr-063","CET6","段落","挑战","六级翻译真题·生态文明建设","生态文明建设是关系中华民族永续发展的根本大计。过去十年，中国以前所未有的力度推进环境保护，空气质量显著改善，可再生能源装机容量稳居世界第一。中国已明确提出力争2030年前实现碳达峰、2060年前实现碳中和的目标。这不仅体现了中国应对气候变化的决心，也为全球生态治理贡献了中国方案。","5","3"
"64","tr-064","CET6","段落","挑战","六级翻译真题·深海探测","中国深海探测技术近年来取得重大突破。2012年，“蛟龙号”载人潜水器下潜至7062米，创造了同类作业型潜水器的世界纪录。2020年，“奋斗者号”成功坐底马里亚纳海沟，深度超过一万米，标志着中国具备了进入世界海洋最深处的能力。深海探测不仅有助于人类认识海洋、开发资源，也为研究地球演化和生命起源提供了宝贵样本。","5","3"
"65","tr-065","CET6","段落","挑战","六级翻译真题·电商与乡村振兴","电子商务的普及为乡村发展注入了新的活力。在许多偏远地区，农民通过直播带货把特色农产品直接卖给全国消费者，收入大幅提高。与此同时，物流网络的延伸和移动支付的普及，使农村电商得以快速发展。电商不仅拓宽了农产品销路，还吸引了一批年轻人返乡创业，为乡村振兴提供了人才支撑。","5","3"
"66","tr-066","CET6","段落","挑战","六级翻译真题·中国山水画","中国山水画是传统绘画中最具代表性的门类，讲究“以形写神，形神兼备”。与西方风景画注重写实不同，中国山水画更强调画家主观情感的抒发和意境的营造。画家常以留白表现云雾与流水，以简练的笔墨勾勒山川轮廓。欣赏中国山水画，不只是观赏景色，更是体会画家的人生境界与哲学思考。","5","3"
"67","tr-067","CET6","单句","进阶","六级翻译·高级句型（分词作状语）","考虑到天气状况，组织者决定将比赛推迟到下周末举行。","3","3"
"68","tr-068","CET6","单句","挑战","六级翻译·高级句型（同位语从句）","毫无疑问，教育公平是社会稳定的重要基础。","4","3"
"69","tr-069","CET6","单句","挑战","六级翻译·高级句型（with 复合结构）","随着越来越多的年轻人涌向城市，许多乡村学校不得不关闭。","3","3"
"70","tr-070","CET6","单句","挑战","六级翻译·高级句型（让步与转折）","尽管面临资金不足和技术难题，研究团队仍然按时完成了任务。","4","3"
"71","tr-071","CET6","单句","进阶","六级翻译·高级句型（主语从句）","他能否按时完成任务，将直接影响整个项目的进度。","4","3"
"72","tr-072","CET6","单句","进阶","六级翻译·高级句型（条件从句）","除非我们立即采取行动，否则情况只会变得更糟。","3","3"
"73","tr-073","CET6","单句","挑战","六级翻译·高级句型（倍数表达）","这座新建的体育馆的面积是原来那座的三倍。","4","3"
"74","tr-074","CET6","单句","挑战","六级翻译·高级句型（部分否定）","并非所有学生都赞成这个方案，有些人担心它会占用太多时间。","3","3"
"75","tr-075","CET6","单句","挑战","六级翻译·高级句型（形式宾语）","互联网的普及使我们更容易获取最新的信息。","3","3"
"76","tr-076","CET6","单句","挑战","六级翻译·高级句型（独立主格）","会议结束后，代表们陆续离开了会场。","3","3"
"77","tr-077","CET4","单句","基础","四级翻译·基础句型（there be）","过去这个村庄里只有一所小学，现在已经有好几所了。","3","3"
"78","tr-078","CET4","单句","进阶","四级翻译·基础句型（因果关系）","由于准备充分，他在面试中表现得非常自信。","4","3"