absolute|/ˈæbsəluːt/|adj.|绝对的；完全的；专制的|There is no absolute answer to this question.|这个问题没有绝对的答案。|必背核心·高频词
abstract|/ˈæbstrækt/|adj./n./v.|抽象的；摘要；提取|The idea is too abstract for young children.|这个概念对小孩子来说太抽象了。|必背核心·高频词
accumulate|/əˈkjuːmjəleɪt/|v.|积累；积聚|She accumulated a great deal of experience abroad.|她在国外积累了大量经验。|必背核心·高频词
accuse|/əˈkjuːz/|v.|指控；控告；指责|He was accused of stealing the money.|他被指控偷了那笔钱。|必背核心·高频词
accustom|/əˈkʌstəm/|v.|使习惯于|It took him months to accustom himself to the climate.|他花了几个月才适应那里的气候。|必背核心·高频词
agenda|/əˈdʒendə/|n.|议程；日程；议题|The first item on the agenda is the budget.|议程上的第一项是预算。|必背核心·高频词
agony|/ˈæɡəni/|n.|极度痛苦；煎熬|She was in agony after the operation.|手术后她痛苦不堪。|必背核心·高频词
alarm|/əˈlɑːm/|n./v.|警报；惊恐；使惊恐|The fire alarm went off at midnight.|火警警报在午夜响起。|必背核心·高频词
alert|/əˈlɜːt/|adj./v./n.|警觉的；提醒；警报|Stay alert when driving at night.|夜间驾车要保持警觉。|必背核心·高频词
alliance|/əˈlaɪəns/|n.|联盟；结盟；联姻|The two firms formed a strategic alliance.|两家公司结成了战略联盟。|必背核心·高频词
ambitious|/æmˈbɪʃəs/|adj.|有雄心的；野心勃勃的|He is ambitious and works extremely hard.|他很有抱负，工作极为努力。|必背核心·高频词
announce|/əˈnaʊns/|v.|宣布；宣告；通告|The company announced record profits this week.|该公司本周宣布利润创纪录。|必背核心·高频词
